use Base_Datos;

INSERT INTO voluntario (cedula , nombre, primer_apellido, segundo_apellido,fecha_nacimiento) VALUES
    ('2-0779-0920','Fernanda ','Campos ','Murillo ','1987-07-21'),
    ('2-0748-1884','Oscar ','Méndez ','Castro','1999-09-09'),
    ('4-0561-0816','Esteban ','Batista ','López','1993-03-31'),
    ('5-0602-0373','Carolina ','Ruiz ','Hernández','1995-03-19'),
    ('1-0854-0233','Kevin','ríos ','Mata','2000-11-12'),
    ('1-0871-0363','Jessica ','Castillo ','López','1996-08-24'),
    ('3-0689-0788','Erika ','Castro  ','Montero','1987-02-09'),
    ('2-0717-0980','José Luis','Delgado ','Fonseca ','1991-11-16'),
    ('2-0573-0649','Johana ','Mora  ','Castillo','2000-02-27'),
    ('6-0541-0349','Valeria ','Castro ','Ruiz ','1992-01-18');

INSERT INTO empleado (cedula , nombre, primer_apellido, segundo_apellido,fecha_nacimiento,puesto) VALUES
    
	('6-0102-0967','María ','Rodríguez ','Sánchez ','1990-09-28','Trabajadora socila'),
    ('1-0606-0103','Fernando ','Días ','Muños ','1994-06-01','Mercadólogo '),
    ('1-0143-0076','José ','Gonzales ','Rojas ','1988-03-23','Jefe de recursos humanos'),
    ('6-0186-1001','Valerio ','Matamoros','Contreras ','1988-04-04','Contador'),
    ('7-0093-0162','celeste ','Romero ','Torres ','1990-06-03','Administradora empresarial'),
    ('6-0125-0899','Paola ','Silva','Araya ','2000-05-09','Contadora'),
    ('2-0499-0435','Elliot ','Martínez ','Flores ','1989-05-12','Publicista'),
    ('7-0509-0106','Andrés ','Sánchez','Hernández','1987-01-14','Secretaria'),
    ('1-0275-0637','Jimena ','Fernández ','Espinoza ','1991-09-17','Asistente contaduria'),
    ('3-0096-3231','Kimberly ','García ','Reyes ','1993-12-02','Jefa de proyectos');

INSERT INTO persona (cedula , nombre, primer_apellido, segundo_apellido,fecha_nacimiento) VALUES
    ('2-0905-0403','Juliana ','Rodríguez ','Sánchez ','2007-09-14'),
    ('2-0019-0347','Alana ','Gonzales ','Vega','2006-09-27'),
    ('4-0549-0958','María  ','Castro ','Silva','2006-06-08'),
    ('3-0459-0186','Daniel','Cajina ','Martínez','2007-03-09'),
    ('6-0705-0584','Matías ','García ','Murillo','2007-05-25'),
    ('1-0821-0849','Angelica ','Sánchez ','Araya ','2005-12-27'),
    ('1-0722-0969','Bruno','Sánchez ','Araya ','2005-02-01'),
    ('6-0962-0908','Paula ','Torres ','Jiménez','2007-02-10'),
    ('7-0663-0795','Jonny ','Flores ','Espinoza ','2007-09-15'),
    ('3-0827-0198','Maikol ','Espinoza ','Reyes ','2006-01-13');
    
INSERT INTO encargado (cedula , nombre, primer_apellido, segundo_apellido, parentesco, fecha_nacimiento,id_persona) VALUES
    ('7-0039-0984','Marlene ','Sánchez ','Morales','Madre ','1991-05-05','1'),
    ('6-0972-0112','Kevin ','Gonzales ','Muños ','Padre ','1994-10-26','2'),
    ('3-0215-0906','Karolina','Silva','Rojas ','Madre ','1992-01-09','3'),
    ('5-0823-0506','Sabrina ','Martínez','Contreras ','Madre ','1993-08-18','4'),
    ('4-0203-0310','Gabriela','Murillo','Torres ','Madre ','1996-10-23','5'),
    ('1-0436-0609','Bernardo ','Sánchez ','Araya ','Hermano ','1991-07-17','6'),
    ('2-0944-0873','Eduardo','Rojas ','Flores ','Padre ','1998-07-08','7'),
    ('3-0427-0123','Estiben ','Torres ','Hernández','Padre ','1990-11-06','8'),
    ('7-0157-0276','Sofia ','Flores ','Espinoza ','Hermana ','1998-08-30','9'),
    ('7-0650-0140','Rosa','Espinoza ','Reyes ','Hermana ','1989-12-19','10');

INSERT INTO correo (correo) VALUES
    ('Fernandacmurillo@gmail.com'),
    ('Oscarmendez97@gmail.com'),
    ('Batistaesteban209@gmail.com'),
    ('Ruizhernandez@gmail.com'),
    ('Kevinmata@gmail.com'),
    ('Castillojessica07@gmail.com'),
    ('Erika347@gmail.com'),
    ('Luisdelgadof@gmail.com'),
    ('Moracastillojohana@gmail.com'),
    ('Valesofia984@gmail.com'),
    ('Mariarodrigues98@gmail.com'),
    ('Gonzalesfernado@gmail.com'),
    ('Romerosilva@gmail.com'),
    ('Valerio837@gmail.com'),
    ('Mariaceleste937@gmail.com'),
    ('Keylasanchez@gmail.com'),
    ('Rojascontreraelliot@gmail.com'),
    ('Torresandres@gmail.com'),
    ('Floresjimena638@gmail.com'),
    ('Kimberly28@gmail.com'),
    ('Marlenrodriguez@gmail.com'),
    ('Kevinjose34@gmail.com'),
    ('Karocastro@gmail.com'),
    ('Sabrina849@gmail.com'),
    ('Garciamurillo@gmail.com'),
    ('Bernardosanchezmuños@gmail.com'),
    ('Eduardorojas@gmail.com'),
    ('Esiben394921@gmail.com'),
    ('Flores1212@gmail.com'),
    ('Rosaespinoza2001@gmail.com'),
    ('admin@giving.com'),
    ('admin@amigoscr.com'),
    ('admin@yomeuno.com');


INSERT INTO telefono (telefono) VALUES
    ('8458-9639'),
    ('8294-5929'),
    ('8849-0453'),
    ('8022-7548'),
    ('8394-5703'),
    ('6072-4939'),
    ('8484-5703'),
    ('6094-6830'),
    ('6409-5249'),
    ('8024-3029'),
    ('6586-0404'),
    ('8634-9743'),
    ('6489-5739'),
    ('6490-2484'),
    ('8024-8584'),
    ('8964-3746'),
    ('8693-0473'),
    ('6875-9340'),
    ('8648-3658'),
    ('6733-8964'),
    ('6943-5938'),
    ('8934-8579'),
    ('6130-8191'),
    ('6123-8490'),
    ('6013-0487'),
    ('8935-5794'),
    ('6374-2892'),
    ('8297-4925'),
    ('8029-3477'),
    ('8024-7489'),
    ('6954-8573'),
    ('6686-5995'),
    ('8648-46957'),
    ('8436-8059'),
    ('6277-9065'),
    ('8256-9065'),
    ('6149-8258'),
    ('8177-3705'),
    ('8628-4685'),
    ('8152-8989'),
    ('24477-3705'),
    ('2655-4685'),
    ('2345-8989');
    
    INSERT INTO donador_anonimo (donacion)
VALUES
    ('1900000'),
    ('2000000'),
    ('1830000'),
	('1700000');
    

INSERT INTO departamento (nombre, id_empleado)
VALUES
    ('Dep.Administrativo','1'),
    ('Dep.Mercadeo','2'),
    ('Dep.Recursos Humanos','3'),
    ('Dep.Contabilidad','4'),
    ('Dep.Administracion','5'),
    ('Dep.Contabilidad','6'),
    ('Dep.Mercadeo','7'),
    ('Dep.Recursos Humanos','8'),
    ('Dep.Contabilidad','9'),
    ('Dep.Administrativo','10');
    

INSERT INTO organizacion_donante (nombre, donacion)
VALUES
    ('Global Giving','2000000'),
    ('Amigos de Costa Rica','1800000'),
    ('Yo me Uno','1830000');
    

INSERT INTO proyecto (nombre, gasto)VALUES
    ('Juventud Sur','-340000'),
    ('Programa de Acompañamiento','-590000'),
    ('Transición Holístico (PATH)','-830000'),
    ('Fondo Esperanza','-743000'),
    ('Juventud de cambio','-340000'),
    ('Capacitación Empresarial sobre el compañerismo','-50000'),
    ('Asesoria sobre Trabajo social','-46000'),
    ('Charla sobre derechos de la niñez y juventud','-48000'),
    ('Capacitación sobre confianza','-52000'),

    ('charla sobre problematicas en temas del maltrato infantil','-57000');

INSERT INTO dep_administrativo (nombre_articulo, cantidad, fecha_ingreso, fecha_caducidad, estado, detalle,precio) VALUES
    ('Jamon',7,'2022-11-14','2023-11-05','nuevo','compra','-14000'),
    ('Atun ',5,'2022-11-10','2024-11-26','nuevo','compra','-5000'),
    ('Leche',8,'2022-11-14','2022-11-20','nuevo','Donacion','0'),
    ('Queso',3,'2022-11-14','2022-11-20','nuevo','compra','-4000'),
    ('Jabon lavaplatos',7,'2022-11-13','2023-08-09','nuevo','compra','-6800'),
    ('Desinfectante ',3,'2022-11-15','2023-11-10','nuevo','compra','-4000'),
    ('Cloro',7,'2022-11-16','2023-11-13','nuevo','compra','-7200'),
    ('Esponja de platos',5,'2022-11-17','2025-11-12','nuevo','Donacion','0'),
    ('Vajilla ',3,'2022-11-18','2022-11-20','nuevo','Donacion','0'),
    ('Queso amarillo',10,'2022-11-14','2022-11-20','nuevo','Donacion','0'),
    ('Aceite vegetal',8,'2022-11-10','2023-07-10','nuevo','compra','-8800'),
    ('Sal',5,'2022-11-10','2023-03-16','nuevo','compra','-2900'),
    ('Carne roja',9,'2022-11-14','2023-11-17','nuevo','donacion','0'),
    ('Pollo entero',4,'2022-11-14','2022-11-20','nuevo','donacion','0'),
    ('Jabon en pollo',11,'2022-11-24','2023-11-19','nuevo','Donacion','-15000'),
    ('Fideos ',3,'2022-11-10','2023-02-20','nuevo','compra','-2700'),
    ('Harina de trigo',13,'2022-11-10','2023-11-21','nuevo','compra','-14000'),
    ('Huevos',5,'2022-11-10','2022-11-18','nuevo','compra','-8800'),
    ('Jabon liquido',7,'2022-11-28','2023-11-23','nuevo','Donacion','-7300'),
    ('Café molido',5,'2022-11-10','2023-02-24','nuevo','Donacion','-7200');

INSERT INTO dep_mercadeo (id_organizacion_donante, numero_contrato)
VALUES
    ('1','FR200K'),
    ('2','RZ120R'),
    ('3','PT400M');
INSERT INTO junta_directiva (id_empleado,cargo) 
VALUES 
('1','vicepresidenta'),
('2','vocal'),
('4','Tesorera'),
('5','presidenta'),
('6','fiscal'),
('8','secretaria');

INSERT INTO servicios (servicio, monto, id_proyecto)
VALUES
    ('Charlas','250000','8'),
    ('Asesorias','300000','7'),
    ('Capacitacion','320000','9');

INSERT INTO evaluacion (evaluacion)
VALUES
    ('mediocre'),
    ('promedio'),
    ('eficiente');

INSERT INTO Rh (id_empleado, horas, salario, id_evaluacion,fecha_pago)
VALUES
('1','96','-540000','3','2021-11-30'),
('2','96','-507100','3','2021-11-30'),
('3','96','-610210','3','2021-11-30'),
('4','100 ','-420000','3','2021-11-30'),
('5','96','-502302','3','2021-11-30'),
('6','96','-420000','3','2021-11-30'),
('7','96','-435000','3','2021-11-30'),
('8','96','-384046','3','2021-11-30'),
('9','100','-390239','3','2021-11-30'),
('10','96','-622033','3','2021-11-30');

INSERT INTO planificador_proyectos (id_empleado, objetivo, id_proyecto)
VALUES
    ('10','Ayuda a jovenez con problemas en los hojares con viajes y charlas','1'),
    ('10','Ayuda a jovenes de escasos recursos y problemas medicos con algunos gastos','2'),
    ('10 ','Terapia para jovez','3'),
    ('10','Ayuda a jovenes de escasos recursos con viveres o ropa','4'),
    ('10','Ayuda a jovenes con algun tipo de adiccion con charlas','5'),
    ('10','Capacita a empleados de otras empresas ayudarse y llevarse bien','6'),
    ('10','Asesoria sobre lo que es y como funciona el trabajo social','7'),
    ('10 ','charla en empresas sobre derechos de la niñes y jovenes ','8'),
    ('10','charla en emprezas para la seguridad y integridad como equipo laboral','9'),
    ('10','charlas sobre como evitas el maltrato en jovenez','10');
    

INSERT INTO subDep_finanzas( monto )
SELECT donacion FROM organizacion_donante;
INSERT INTO subDep_finanzas ( monto )
SELECT donacion FROM donador_anonimo;
INSERT INTO subDep_finanzas ( monto )
SELECT monto FROM servicios;

UPDATE `base_datos`.`subDep_finanzas` SET `tipo` = 'donacion' WHERE (`subDep_finanzas` = '1');
UPDATE `base_datos`.`subDep_finanzas` SET `tipo` = 'donacion' WHERE (`subDep_finanzas` = '2');
UPDATE `base_datos`.`subDep_finanzas` SET `tipo` = 'donacion' WHERE (`subDep_finanzas` = '3');
UPDATE `base_datos`.`subDep_finanzas` SET `tipo` = 'donacion' WHERE (`subDep_finanzas` = '4');
UPDATE `base_datos`.`subDep_finanzas` SET `tipo` = 'donacion' WHERE (`subDep_finanzas` = '5');
UPDATE `base_datos`.`subDep_finanzas` SET `tipo` = 'donacion' WHERE (`subDep_finanzas` = '6');
UPDATE `base_datos`.`subDep_finanzas` SET `tipo` = 'donacion' WHERE (`subDep_finanzas` = '7');
UPDATE `base_datos`.`subDep_finanzas` SET `tipo` = 'servicio' WHERE (`subDep_finanzas` = '11');
UPDATE `base_datos`.`subDep_finanzas` SET `tipo` = 'servicio' WHERE (`subDep_finanzas` = '12');
UPDATE `base_datos`.`subDep_finanzas` SET `tipo` = 'servicio' WHERE (`subDep_finanzas` = '13');

INSERT INTO gastos( gastos )
SELECT precio FROM dep_administrativo;

UPDATE `base_datos`.`gastos` SET `nombre` = 'dep_administrativo' WHERE (`id_gastos` = '1');
UPDATE `base_datos`.`gastos` SET `nombre` = 'dep_administrativo' WHERE (`id_gastos` = '2');
UPDATE `base_datos`.`gastos` SET `nombre` = 'dep_administrativo' WHERE (`id_gastos` = '3');
UPDATE `base_datos`.`gastos` SET `nombre` = 'dep_administrativo' WHERE (`id_gastos` = '4');
UPDATE `base_datos`.`gastos` SET `nombre` = 'dep_administrativo' WHERE (`id_gastos` = '5');
UPDATE `base_datos`.`gastos` SET `nombre` = 'dep_administrativo' WHERE (`id_gastos` = '6');
UPDATE `base_datos`.`gastos` SET `nombre` = 'dep_administrativo' WHERE (`id_gastos` = '7');
UPDATE `base_datos`.`gastos` SET `nombre` = 'dep_administrativo' WHERE (`id_gastos` = '8');
UPDATE `base_datos`.`gastos` SET `nombre` = 'dep_administrativo' WHERE (`id_gastos` = '9');
UPDATE `base_datos`.`gastos` SET `nombre` = 'dep_administrativo' WHERE (`id_gastos` = '10');
UPDATE `base_datos`.`gastos` SET `nombre` = 'dep_administrativo' WHERE (`id_gastos` = '11');
UPDATE `base_datos`.`gastos` SET `nombre` = 'dep_administrativo' WHERE (`id_gastos` = '12');
UPDATE `base_datos`.`gastos` SET `nombre` = 'dep_administrativo' WHERE (`id_gastos` = '13');
UPDATE `base_datos`.`gastos` SET `nombre` = 'dep_administrativo' WHERE (`id_gastos` = '14');
UPDATE `base_datos`.`gastos` SET `nombre` = 'dep_administrativo' WHERE (`id_gastos` = '15');
UPDATE `base_datos`.`gastos` SET `nombre` = 'dep_administrativo' WHERE (`id_gastos` = '16');
UPDATE `base_datos`.`gastos` SET `nombre` = 'dep_administrativo' WHERE (`id_gastos` = '17');
UPDATE `base_datos`.`gastos` SET `nombre` = 'dep_administrativo' WHERE (`id_gastos` = '18');
UPDATE `base_datos`.`gastos` SET `nombre` = 'dep_administrativo' WHERE (`id_gastos` = '19');
UPDATE `base_datos`.`gastos` SET `nombre` = 'dep_administrativo' WHERE (`id_gastos` = '20');

INSERT INTO gastos( gastos )
SELECT gasto FROM proyecto;
UPDATE `base_datos`.`gastos` SET `nombre` = 'proyecto' WHERE (`id_gastos` = '32');
UPDATE `base_datos`.`gastos` SET `nombre` = 'proyecto' WHERE (`id_gastos` = '33');
UPDATE `base_datos`.`gastos` SET `nombre` = 'proyecto' WHERE (`id_gastos` = '34');
UPDATE `base_datos`.`gastos` SET `nombre` = 'proyecto' WHERE (`id_gastos` = '35');
UPDATE `base_datos`.`gastos` SET `nombre` = 'proyecto' WHERE (`id_gastos` = '36');
UPDATE `base_datos`.`gastos` SET `nombre` = 'proyecto' WHERE (`id_gastos` = '37');
UPDATE `base_datos`.`gastos` SET `nombre` = 'proyecto' WHERE (`id_gastos` = '38');
UPDATE `base_datos`.`gastos` SET `nombre` = 'proyecto' WHERE (`id_gastos` = '39');
UPDATE `base_datos`.`gastos` SET `nombre` = 'proyecto' WHERE (`id_gastos` = '40');
UPDATE `base_datos`.`gastos` SET `nombre` = 'proyecto' WHERE (`id_gastos` = '41');

INSERT INTO gastos( gastos )
SELECT salario FROM Rh;
UPDATE `base_datos`.`gastos` SET `nombre` = 'RH_salario' WHERE (`id_gastos` = '47');
UPDATE `base_datos`.`gastos` SET `nombre` = 'RH_salario' WHERE (`id_gastos` = '48');
UPDATE `base_datos`.`gastos` SET `nombre` = 'RH_salario' WHERE (`id_gastos` = '49');
UPDATE `base_datos`.`gastos` SET `nombre` = 'RH_salario' WHERE (`id_gastos` = '50');
UPDATE `base_datos`.`gastos` SET `nombre` = 'RH_salario' WHERE (`id_gastos` = '51');
UPDATE `base_datos`.`gastos` SET `nombre` = 'RH_salario' WHERE (`id_gastos` = '52');
UPDATE `base_datos`.`gastos` SET `nombre` = 'RH_salario' WHERE (`id_gastos` = '53');
UPDATE `base_datos`.`gastos` SET `nombre` = 'RH_salario' WHERE (`id_gastos` = '54');
UPDATE `base_datos`.`gastos` SET `nombre` = 'RH_salario' WHERE (`id_gastos` = '55');
UPDATE `base_datos`.`gastos` SET `nombre` = 'RH_salario' WHERE (`id_gastos` = '56');

INSERT INTO fondos( monto, tipo )
SELECT monto, tipo FROM subDep_finanzas;

INSERT INTO fondos( monto, tipo )
SELECT gastos, nombre FROM gastos;

insert into dep_contabilidad (mes) 
value
('noviembre');

INSERT INTO empleado_telefono_ditail (id_empleado,id_telefono) 
VALUES 
('1','11'),
('2','12'),
('3','13'),
('4','14'),
('5','15'),
('6','16'),
('7','17'),
('8','18'),
('9','19'),
('10','20');

INSERT INTO empleado_correo_ditail (id_empleado,id_correo) 
VALUES 
('1','11'),
('2','12'),
('3','13'),
('4','14'),
('5','15'),
('6','16'),
('7','17'),
('8','18'),
('9','19'),
('10','20');

INSERT INTO voluntario_telefono_ditail (id_voluntario,id_telefono) 
VALUES 
('1','1'),
('2','2'),
('3','3'),
('4','4'),
('5','5'),
('6','6'),
('7','7'),
('8','8'),
('9','9'),
('10','10');

INSERT INTO voluntario_correo_ditail (id_voluntario,id_correo) 
VALUES 
('1','1'),
('2','2'),
('3','3'),
('4','4'),
('5','5'),
('6','6'),
('7','7'),
('8','8'),
('9','9'),
('10','10');

INSERT INTO persona_encargado_telefono_ditail (id_persona,id_encargado,id_telefono) 
VALUES 
('1','1','21'),
('2','2','22'),
('3','3','23'),
('4','4','24'),
('5','5','25'),
('6','6','26'),
('7','7','27'),
('8','8','28'),
('9','9','29'),
('10','10','30');

INSERT INTO persona_telefono_ditail (id_persona,id_telefono) 
VALUES 
('1','31'),
('2','32'),
('3','33'),
('4','34'),
('5','35'),
('6','36'),
('7','37'),
('8','38'),
('9','39'),
('10','40');

INSERT INTO encargado_correo_ditail (id_encargado,id_correo) 
VALUES 
('1','21'),
('2','22'),
('3','23'),
('4','24'),
('5','25'),
('6','26'),
('7','27'),
('8','28'),
('9','29'),
('10','30');

INSERT INTO Organizacion_telefono_ditail (id_organizacion_donante,id_telefono) 
VALUES 
('1','41'),
('2','42'),
('3','43');

INSERT INTO Organizacion_correo_ditail (id_organizacion_donante,id_correo) 
VALUES 
('1','31'),
('2','32'),
('3','33');

INSERT INTO proyecto_empleado_ditail (id_proyecto,id_empleado) 
VALUES 
('9','2'),
('6','2'),
('6','5'),
('7','1'),
('10','1'),
('9','5');

INSERT INTO proyecto_voluntario_ditail (id_proyecto,id_voluntario) 
VALUES 
('1','1'),
('1','2'),
('2','3'),
('2','4'),
('3','5'),
('3','6'),
('4','7'),
('4','8'),
('5','9'),
('5','10');

INSERT INTO provincia VALUES
    (1,'San José'),
    (2,'Alajuela'),
    (3,'Cartago'),
    (4,'Heredia'),
    (5,'Guanacaste'),
    (6,'Puntarenas'),
    (7,'Limón');

INSERT INTO canton VALUES
    (101,'San José'),
    (102,'Escazú'),
    (103,'Desamparados'),
    (104,'Puriscal'),
    (105,'Tarrazú'),
    (106,'Aserrí'),
    (107,'Mora'),
    (108,'Goicoechea'),
    (109,'Santa Ana'),
    (110,'Alajuelita'),
    (111,'Vasquez de Coronado'),
    (112,'Acosta'),
    (113,'Tibás'),
    (114,'Moravia'),
    (115,'Montes de Oca'),
    (116,'Turrubares'),
    (117,'Dota'),
    (118,'Curridabat'),
    (119,'Pérez Zeledón'),
    (120,'León Cortés'),
    (201,'Alajuela'),
    (202,'San Ramón'),
    (203,'Grecia'),
    (204,'San Mateo'),
    (205,'Atenas'),
    (206,'Naranjo'),
    (207,'Palmares'),
    (208,'Poás'),
    (209,'Orotina'),
    (210,'San Carlos'),
    (211,'Alfaro Ruiz'),
    (212,'Valverde Vega'),
    (213,'Upala'),
    (214,'Los Chiles'),
    (215,'Guatuso'),
    (301,'Cartago'),
    (302,'Paraíso'),
    (303,'La Unión'),
    (304,'Jiménez'),
    (305,'Turrialba'),
    (306,'Alvarado'),
    (307,'Oreamuno'),
    (308,'El Guarco'),
    (401,'Heredia'),
    (402,'Barva'),
    (403,'Santo Domingo'),
    (404,'Santa Bárbara'),
    (405,'San Rafael'),
    (406,'San Isidro'),
    (407,'Belén'),
    (408,'Flores'),
    (409,'San Pablo'),
    (410,'Sarapiquí '),
    (501,'Liberia'),
    (502,'Nicoya'),
    (503,'Santa Cruz'),
    (504,'Bagaces'),
    (505,'Carrillo'),
    (506,'Cañas'),
    (507,'Abangares'),
    (508,'Tilarán'),
    (509,'Nandayure'),
    (510,'La Cruz'),
    (511,'Hojancha'),
    (601,'Puntarenas'),
    (602,'Esparza'),
    (603,'Buenos Aires'),
    (604,'Montes de Oro'),
    (605,'Osa'),
    (606,'Aguirre'),
    (607,'Golfito'),
    (608,'Coto Brus'),
    (609,'Parrita'),
    (610,'Corredores'),
    (611,'Garabito'),
    (701,'Limón'),
    (702,'Pococí'),
    (703,'Siquirres '),
    (704,'Talamanca'),
    (705,'Matina'),
    (706,'Guácimo');

INSERT INTO Provincia_Canton_Detail VALUES
    (1,101),
    (1,102),
    (1,103),
    (1,104),
    (1,105),
    (1,106),
    (1,107),
    (1,108),
    (1,109),
    (1,110),
    (1,111),
    (1,112),
    (1,113),
    (1,114),
    (1,115),
    (1,116),
    (1,117),
    (1,118),
    (1,119),
    (1,120),
    (2,201),
    (2,202),
    (2,203),
    (2,204),
    (2,205),
    (2,206),
    (2,207),
    (2,208),
    (2,209),
    (2,210),
    (2,211),
    (2,212),
    (2,213),
    (2,214),
    (2,215),
    (3,301),
    (3,302),
    (3,303),
    (3,304),
    (3,305),
    (3,306),
    (3,307),
    (3,308),
    (4,401),
    (4,402),
    (4,403),
    (4,404),
    (4,405),
    (4,406),
    (4,407),
    (4,408),
    (4,409),
    (4,410),
    (5,501),
    (5,502),
    (5,503),
    (5,504),
    (5,505),
    (5,506),
    (5,507),
    (5,508),
    (5,509),
    (5,510),
    (5,511),
    (6,601),
    (6,602),
    (6,603),
    (6,604),
    (6,605),
    (6,606),
    (6,607),
    (6,608),
    (6,609),
    (6,610),
    (6,611),
    (7,701),
    (7,702),
    (7,703),
    (7,704),
    (7,705),
    (7,706);
INSERT INTO distrito VALUES
    (10101,'Carmen'),
    (10102,'Merced'),
    (10103,'Hospital'),
    (10104,'Catedral'),
    (10105,'Zapote'),
    (10106,'San Francisco de Dos Ríos'),
    (10107,'Uruca'),
    (10108,'Mata Redonda'),
    (10109,'Pavas'),
    (10110,'Hatillo'),
    (10111,'San Sebastián'),
    (10201,'Escazú'),
    (10202,'San Antonio'),
    (10203,'San Rafael'),
    (10301,'Desamparados'),
    (10302,'San Miguel'),
    (10303,'San Juan de Dios'),
    (10304,'San Rafael Arriba'),
    (10305,'San Antonio'),
    (10306,'Frailes'),
    (10307,'Patarrá'),
    (10308,'San Cristóbal'),
    (10309,'Rosario'),
    (10310,'Damas'),
    (10311,'San Rafael Abajo'),
    (10312,'Gravilias'),
    (10313,'Los Guido'),
    (10401,'Santiago'),
    (10402,'Mercedes Sur'),
    (10403,'Barbacoas'),
    (10404,'Grifo Alto'),
    (10405,'San Rafael'),
    (10406,'Candelaria'),
    (10407,'Desamparaditos'),
    (10408,'San Antonio'),
    (10409,'Chires'),
    (10501,'San Marcos'),
    (10502,'San Lorenzo'),
    (10503,'San Carlos'),
    (10601,'Aserrí'),
    (10602,'Tarbaca o Praga'),
    (10603,'Vuelta de Jorco'),
    (10604,'San Gabriel'),
    (10605,'La Legua'),
    (10606,'Monterrey'),
    (10607,'Salitrillos'),
    (10701,'Colón'),
    (10702,'Guayabo'),
    (10703,'Tabarcia'),
    (10704,'Piedras Negras'),
    (10705,'Picagres'),
    (10801,'Guadalupe'),
    (10802,'San Francisco'),
    (10803,'Calle Blancos'),
    (10804,'Mata de Plátano'),
    (10805,'Ipís'),
    (10806,'Rancho Redondo'),
    (10807,'Purral'),
    (10901,'Santa Ana'),
    (10902,'Salitral'),
    (10903,'Pozos o Concepción'),
    (10904,'Uruca o San Joaquín'),
    (10905,'Piedades'),
    (10906,'Brasil'),
    (11001,'Alajuelita'),
    (11002,'San Josecito'),
    (11003,'San Antonio'),
    (11004,'Concepción'),
    (11005,'San Felipe'),
    (11101,'San Isidro'),
    (11102,'San Rafael'),
    (11103,'Dulce Nombre de Jesús'),
    (11104,'Patalillo'),
    (11105,'Cascajal'),
    (11201,'San Ignacio'),
    (11202,'Guaitil'),
    (11203,'Palmichal'),
    (11204,'Cangrejal'),
    (11205,'Sabanillas'),
    (11301,'San Juan'),
    (11302,'Cinco Esquinas'),
    (11303,'Anselmo Llorente'),
    (11304,'León XIII'),
    (11305,'Colima'),
    (11401,'San Vicente'),
    (11402,'San Jerónimo'),
    (11403,'Trinidad'),
    (11501,'San Pedro'),
    (11502,'Sabanilla'),
    (11503,'Mercedes o Betania'),
    (11504,'San Rafael'),
    (11601,'San Pablo'),
    (11602,'San Pedro'),
    (11603,'San Juan de Mata'),
    (11604,'San Luis'),
    (11605,'Cárara'),
    (11701,'Santa María'),
    (11702,'Jardín'),
    (11703,'Copey'),
    (11801,'Curridabat'),
    (11802,'Granadilla'),
    (11803,'Sánchez'),
    (11804,'Tirrases'),
    (11901,'San Isidro de el General'),
    (11902,'General'),
    (11903,'Daniel Flores'),
    (11904,'Rivas'),
    (11905,'San Pedro'),
    (11906,'Platanares'),
    (11907,'Pejibaye'),
    (11908,'Cajón'),
    (11909,'Barú'),
    (11910,'Río Nuevo'),
    (11911,'Páramo'),
    (12001,'San Pablo'),
    (12002,'San Andrés'),
    (12003,'Llano Bonito'),
    (12004,'San Isidro'),
    (12005,'Santa Cruz'),
    (12006,'San Antonio'),
    (20101,'Alajuela'),
    (20102,'San José'),
    (20103,'Carrizal'),
    (20104,'San Antonio'),
    (20105,'Guácima'),
    (20106,'San Isidro'),
    (20107,'Sabanilla'),
    (20108,'San Rafael'),
    (20109,'Río Segundo'),
    (20110,'Desamparados'),
    (20111,'Turrucares'),
    (20112,'Tambor'),
    (20113,'La Garita'),
    (20114,'Sarapiquí'),
    (20201,'San Ramón'),
    (20202,'Santiago'),
    (20203,'San Juan'),
    (20204,'Piedades Norte'),
    (20205,'Piedades Sur'),
    (20206,'San Rafael'),
    (20207,'San Isidro'),
    (20208,'Angeles'),
    (20209,'Alfaro'),
    (20210,'Volio'),
    (20211,'Concepción'),
    (20212,'Zapotal'),
    (20213,'San Isidro de Peñas Blancas'),
    (20301,'Grecia'),
    (20302,'San Isidro'),
    (20303,'San José'),
    (20304,'San Roque'),
    (20305,'Tacares'),
    (20306,'Río Cuarto'),
    (20307,'Puente Piedra'),
    (20308,'Bolívar'),
    (20401,'San Mateo'),
    (20402,'Desmonte'),
    (20403,'Jesús María'),
    (20501,'Atenas'),
    (20502,'Jesús'),
    (20503,'Mercedes'),
    (20504,'San Isidro'),
    (20505,'Concepción'),
    (20506,'San José'),
    (20507,'Santa Eulalia'),
    (20508,'Escobal'),
    (20601,'Naranjo'),
    (20602,'San Miguel'),
    (20603,'San José'),
    (20604,'Cirrí Sur'),
    (20605,'San Jerónimo'),
    (20606,'San Juan'),
    (20607,'Rosario'),
    (20701,'Palmares'),
    (20702,'Zaragoza'),
    (20703,'Buenos Aires'),
    (20704,'Santiago'),
    (20705,'Candelaria'),
    (20706,'Esquipulas'),
    (20707,'La Granja'),
    (20801,'San Pedro'),
    (20802,'San Juan'),
    (20803,'San Rafael'),
    (20804,'Carrillos'),
    (20805,'Sabana Redonda'),
    (20901,'Orotina'),
    (20902,'Mastate'),
    (20903,'Hacienda Vieja'),
    (20904,'Coyolar'),
    (20905,'Ceiba'),
    (21001,'Quesada'),
    (21002,'Florencia'),
    (21003,'Buenavista'),
    (21004,'Aguas Zarcas'),
    (21005,'Venecia'),
    (21006,'Pital'),
    (21007,'Fortuna'),
    (21008,'Tigra'),
    (21009,'Palmera'),
    (21010,'Venado'),
    (21011,'Cutris'),
    (21012,'Monterrey'),
    (21013,'Pocosol'),
    (21101,'Zarcero'),
    (21102,'Laguna'),
    (21103,'Tapezco'),
    (21104,'Guadalupe'),
    (21105,'Palmira'),
    (21106,'Zapote'),
    (21107,'Las Brisas'),
    (21201,'Sarchí Norte'),
    (21202,'Sarchí Sur'),
    (21203,'Toro Amarillo'),
    (21204,'San Pedro'),
    (21205,'Rodríguez'),
    (21301,'Upala'),
    (21302,'Aguas Claras'),
    (21303,'San José o Pizote'),
    (21304,'Bijagua'),
    (21305,'Delicias'),
    (21306,'Dos Ríos'),
    (21307,'Yolillal'),
    (21401,'Los Chiles'),
    (21402,'Caño Negro'),
    (21403,'Amparo'),
    (21404,'San Jorge'),
    (21501,'San Rafael'),
    (21502,'Buenavista'),
    (21503,'Cote'),
    (30101,'Oriental'),
    (30102,'Occidental'),
    (30103,'Carmen'),
    (30104,'San Nicolás'),
    (30105,'Aguacaliente o San Francisco'),
    (30106,'Guadalupe o Arenilla'),
    (30107,'Corralillo'),
    (30108,'Tierra Blanca'),
    (30109,'Dulce Nombre'),
    (30110,'Llano Grande'),
    (30111,'Quebradilla'),
    (30201,'Paraíso'),
    (30202,'Santiago'),
    (30203,'Orosi'),
    (30204,'Cachí'),
    (30205,'Los Llanos de Santa Lucía'),
    (30301,'Tres Ríos'),
    (30302,'San Diego'),
    (30303,'San Juan'),
    (30304,'San Rafael'),
    (30305,'Concepción');
INSERT INTO distrito VALUES
    (30306,'Dulce Nombre'),
    (30307,'San Ramón'),
    (30308,'Río Azul'),
    (30401,'Juan Viñas'),
    (30402,'Tucurrique'),
    (30403,'Pejibaye'),
    (30501,'Turrialba'),
    (30502,'La Suiza'),
    (30503,'Peralta'),
    (30504,'Santa Cruz'),
    (30505,'Santa Teresita'),
    (30506,'Pavones'),
    (30507,'Tuis'),
    (30508,'Tayutic'),
    (30509,'Santa Rosa'),
    (30510,'Tres Equis'),
    (30511,'La Isabel'),
    (30512,'Chirripó'),
    (30601,'Pacayas'),
    (30602,'Cervantes'),
    (30603,'Capellades'),
    (30701,'San Rafael'),
    (30702,'Cot'),
    (30703,'Potrero Cerrado'),
    (30704,'Cipreses'),
    (30705,'Santa Rosa'),
    (30801,'El Tejar'),
    (30802,'San Isidro'),
    (30803,'Tobosi'),
    (30804,'Patio de Agua'),
    (40101,'Heredia'),
    (40102,'Mercedes'),
    (40103,'San Francisco'),
    (40104,'Ulloa'),
    (40105,'Varablanca'),
    (40201,'Barva'),
    (40202,'San Pedro'),
    (40203,'San Pablo'),
    (40204,'San Roque'),
    (40205,'Santa Lucía'),
    (40206,'San José de la Montaña'),
    (40301,'Santo Domingo'),
    (40302,'San Vicente'),
    (40303,'San Miguel'),
    (40304,'Paracito'),
    (40305,'Santo Tomás'),
    (40306,'Santa Rosa'),
    (40307,'Tures'),
    (40308,'Pará'),
    (40401,'Santa Bárbara'),
    (40402,'San Pedro'),
    (40403,'San Juan'),
    (40404,'Jesús'),
    (40405,'Santo Domingo del Roble'),
    (40406,'Puraba'),
    (40501,'San Rafael'),
    (40502,'San Josecito'),
    (40503,'Santiago'),
    (40504,'Angeles'),
    (40505,'Concepción'),
    (40601,'San Isidro'),
    (40602,'San José'),
    (40603,'Concepción'),
    (40604,'San Francisco'),
    (40701,'San Antonio'),
    (40702,'La Ribera'),
    (40703,'Asunción'),
    (40801,'San Joaquín'),
    (40802,'Barrantes'),
    (40803,'Llorente'),
    (40901,'San Pablo'),
    (41001,'Puerto Viejo'),
    (41002,'La Virgen'),
    (41003,'Horquetas'),
    (41004,'Llanuras de Gaspar'),
    (41005,'Cureña'),
    (50101,'Liberia'),
    (50102,'Cañas Dulces'),
    (50103,'Mayorga'),
    (50104,'Nacascolo'),
    (50105,'Curubande'),
    (50201,'Nicoya'),
    (50202,'Mansión'),
    (50203,'San Antonio'),
    (50204,'Quebrada Honda'),
    (50205,'Sámara'),
    (50206,'Nósara'),
    (50207,'Belén de Nosarita'),
    (50301,'Santa Cruz'),
    (50302,'Bolsón'),
    (50303,'Veintisiete de Abril'),
    (50304,'Tempate'),
    (50305,'Cartagena'),
    (50306,'Cuajiniquil'),
    (50307,'Diriá'),
    (50308,'Cabo Velas'),
    (50309,'Tamarindo'),
    (50401,'Bagaces'),
    (50402,'Fortuna'),
    (50403,'Mogote'),
    (50404,'Río Naranjo'),
    (50501,'Filadelfia'),
    (50502,'Palmira'),
    (50503,'Sardinal'),
    (50504,'Belén'),
    (50601,'Cañas'),
    (50602,'Palmira'),
    (50603,'San Miguel'),
    (50604,'Bebedero'),
    (50605,'Porozal'),
    (50701,'Juntas'),
    (50702,'Sierra'),
    (50703,'San Juan'),
    (50704,'Colorado'),
    (50801,'Tilarán'),
    (50802,'Quebrada Grande'),
    (50803,'Tronadora'),
    (50804,'Santa Rosa'),
    (50805,'Líbano'),
    (50806,'Tierras Morenas'),
    (50807,'Arenal'),
    (50901,'Carmona'),
    (50902,'Santa Rita'),
    (50903,'Zapotal'),
    (50904,'San Pablo'),
    (50905,'Porvenir'),
    (50906,'Bejuco'),
    (51001,'La Cruz'),
    (51002,'Santa Cecilia'),
    (51003,'Garita'),
    (51004,'Santa Elena'),
    (51101,'Hojancha'),
    (51102,'Monte Romo'),
    (51103,'Puerto Carrillo'),
    (51104,'Huacas'),
    (60101,'Puntarenas'),
    (60102,'Pitahaya'),
    (60103,'Chomes'),
    (60104,'Lepanto'),
    (60105,'Paquera'),
    (60106,'Manzanillo'),
    (60107,'Guacimal'),
    (60108,'Barranca'),
    (60109,'Monte Verde'),
    (60110,'Isla del Coco'),
    (60111,'Cóbano'),
    (60112,'Chacarita'),
    (60113,'Chira'),
    (60114,'Acapulco'),
    (60115,'Roble'),
    (60116,'Arancibia'),
    (60201,'Espíritu Santo'),
    (60202,'San Juan Grande'),
    (60203,'Macacona'),
    (60204,'San Rafael'),
    (60205,'San Jerónimo'),
    (60301,'Buenos Aires'),
    (60302,'Volcán'),
    (60303,'Potrero Grande'),
    (60304,'Boruca'),
    (60305,'Pilas'),
    (60306,'Colinas o Bajo de Maíz'),
    (60307,'Chánguena'),
    (60308,'Bioley'),
    (60309,'Brunka'),
    (60401,'Miramar'),
    (60402,'Unión'),
    (60403,'San Isidro'),
    (60501,'Puerto Cortés'),
    (60502,'Palmar'),
    (60503,'Sierpe'),
    (60504,'Bahía Ballena'),
    (60505,'Piedras Blancas'),
    (60601,'Quepos'),
    (60602,'Savegre'),
    (60603,'Naranjito'),
    (60701,'Golfito'),
    (60702,'Puerto Jiménez'),
    (60703,'Guaycará'),
    (60704,'Pavon'),
    (60801,'San Vito'),
    (60802,'Sabalito'),
    (60803,'Agua Buena'),
    (60804,'Limoncito'),
    (60805,'Pittier'),
    (60901,'Parrita'),
    (61001,'Corredor'),
    (61002,'La Cuesta'),
    (61003,'Paso Canoas'),
    (61004,'Laurel'),
    (61101,'Jacó'),
    (61102,'Tárcoles'),
    (70101,'Limón'),
    (70102,'Valle La Estrella'),
    (70103,'Río Blanco'),
    (70104,'Matama'),
    (70201,'Guápiles'),
    (70202,'Jiménez'),
    (70203,'Rita'),
    (70204,'Roxana'),
    (70205,'Cariari'),
    (70206,'Colorado'),
    (70301,'Siquirres'),
    (70302,'Pacuarito'),
    (70303,'Florida'),
    (70304,'Germania'),
    (70305,'Cairo'),
    (70306,'Alegría'),
    (70401,'Bratsi'),
    (70402,'Sixaola'),
    (70403,'Cahuita'),
    (70404,'Telire'),
    (70501,'Matina'),
    (70502,'Batán'),
    (70503,'Carrandí'),
    (70601,'Guácimo'),
    (70602,'Mercedes'),
    (70603,'Pocora'),
    (70604,'Río Jiménez'),
    (70605,'Duacarí');






INSERT INTO Canton_Distrito_Detail VALUES
    (101,10101),
    (101,10102),
    (101,10103),
    (101,10104),
    (101,10105),
    (101,10106),
    (101,10107),
    (101,10108),
    (101,10109),
    (101,10110),
    (101,10111),
    (102,10201),
    (102,10202),
    (102,10203),
    (103,10301),
    (103,10302),
    (103,10303),
    (103,10304),
    (103,10305),
    (103,10306),
    (103,10307),
    (103,10308),
    (103,10309),
    (103,10310),
    (103,10311),
    (103,10312),
    (103,10313),
    (104,10401),
    (104,10402),
    (104,10403),
    (104,10404),
    (104,10405),
    (104,10406),
    (104,10407),
    (104,10408),
    (104,10409),
    (105,10501),
    (105,10502),
    (105,10503),
    (106,10601),
    (106,10602),
    (106,10603),
    (106,10604),
    (106,10605),
    (106,10606),
    (106,10607),
    (107,10701),
    (107,10702),
    (107,10703),
    (107,10704),
    (107,10705),
    (108,10801),
    (108,10802),
    (108,10803),
    (108,10804),
    (108,10805),
    (108,10806),
    (108,10807),
    (109,10901),
    (109,10902),
    (109,10903),
    (109,10904),
    (109,10905),
    (109,10906),
    (110,11001),
    (110,11002),
    (110,11003),
    (110,11004),
    (110,11005),
    (111,11101),
    (111,11102),
    (111,11103),
    (111,11104),
    (111,11105),
    (112,11201),
    (112,11202),
    (112,11203),
    (112,11204),
    (112,11205),
    (113,11301),
    (113,11302),
    (113,11303),
    (113,11304),
    (113,11305),
    (114,11401),
    (114,11402),
    (114,11403),
    (115,11501),
    (115,11502),
    (115,11503),
    (115,11504),
    (116,11601),
    (116,11602),
    (116,11603),
    (116,11604),
    (116,11605),
    (117,11701),
    (117,11702),
    (117,11703),
    (118,11801),
    (118,11802),
    (118,11803),
    (118,11804),
    (119,11901),
    (119,11902),
    (119,11903),
    (119,11904),
    (119,11905),
    (119,11906),
    (119,11907),
    (119,11908),
    (119,11909),
    (119,11910),
    (119,11911),
    (120,12001),
    (120,12002),
    (120,12003),
    (120,12004),
    (120,12005),
    (120,12006),
    (201,20101),
    (201,20102),
    (201,20103),
    (201,20104),
    (201,20105),
    (201,20106),
    (201,20107),
    (201,20108),
    (201,20109),
    (201,20110),
    (201,20111),
    (201,20112),
    (201,20113),
    (201,20114),
    (202,20201),
    (202,20202),
    (202,20203),
    (202,20204),
    (202,20205),
    (202,20206),
    (202,20207),
    (202,20208),
    (202,20209),
    (202,20210),
    (202,20211),
    (202,20212),
    (202,20213),
    (203,20301),
    (203,20302),
    (203,20303),
    (203,20304),
    (203,20305),
    (203,20306),
    (203,20307),
    (203,20308),
    (204,20401),
    (204,20402),
    (204,20403),
    (205,20501),
    (205,20502),
    (205,20503),
    (205,20504),
    (205,20505),
    (205,20506),
    (205,20507),
    (205,20508),
    (206,20601),
    (206,20602),
    (206,20603),
    (206,20604),
    (206,20605),
    (206,20606),
    (206,20607),
    (207,20701),
    (207,20702),
    (207,20703),
    (207,20704),
    (207,20705),
    (207,20706),
    (207,20707),
    (208,20801),
    (208,20802),
    (208,20803),
    (208,20804),
    (208,20805),
    (209,20901),
    (209,20902),
    (209,20903),
    (209,20904),
    (209,20905),
    (210,21001),
    (210,21002),
    (210,21003),
    (210,21004),
    (210,21005),
    (210,21006),
    (210,21007),
    (210,21008),
    (210,21009),
    (210,21010),
    (210,21011),
    (210,21012),
    (210,21013),
    (211,21101),
    (211,21102),
    (211,21103),
    (211,21104),
    (211,21105),
    (211,21106),
    (211,21107),
    (212,21201),
    (212,21202),
    (212,21203),
    (212,21204),
    (212,21205),
    (213,21301),
    (213,21302),
    (213,21303),
    (213,21304),
    (213,21305),
    (213,21306),
    (213,21307),
    (214,21401),
    (214,21402),
    (214,21403),
    (214,21404),
    (215,21501),
    (215,21502),
    (215,21503),
    (301,30101),
    (301,30102),
    (301,30103),
    (301,30104),
    (301,30105),
    (301,30106),
    (301,30107),
    (301,30108),
    (301,30109),
    (301,30110),
    (301,30111),
    (302,30201),
    (302,30202),
    (302,30203),
    (302,30204),
    (302,30205),
    (303,30301),
    (303,30302),
    (303,30303),
    (303,30304),
    (303,30305);
INSERT INTO Canton_Distrito_Detail VALUES
    (303,30306),
    (303,30307),
    (303,30308),
    (304,30401),
    (304,30402),
    (304,30403),
    (305,30501),
    (305,30502),
    (305,30503),
    (305,30504),
    (305,30505),
    (305,30506),
    (305,30507),
    (305,30508),
    (305,30509),
    (305,30510),
    (305,30511),
    (305,30512),
    (306,30601),
    (306,30602),
    (306,30603),
    (307,30701),
    (307,30702),
    (307,30703),
    (307,30704),
    (307,30705),
    (308,30801),
    (308,30802),
    (308,30803),
    (308,30804),
    (401,40101),
    (401,40102),
    (401,40103),
    (401,40104),
    (401,40105),
    (402,40201),
    (402,40202),
    (402,40203),
    (402,40204),
    (402,40205),
    (402,40206),
    (403,40301),
    (403,40302),
    (403,40303),
    (403,40304),
    (403,40305),
    (403,40306),
    (403,40307),
    (403,40308),
    (404,40401),
    (404,40402),
    (404,40403),
    (404,40404),
    (404,40405),
    (404,40406),
    (405,40501),
    (405,40502),
    (405,40503),
    (405,40504),
    (405,40505),
    (406,40601),
    (406,40602),
    (406,40603),
    (406,40604),
    (407,40701),
    (407,40702),
    (407,40703),
    (408,40801),
    (408,40802),
    (408,40803),
    (409,40901),
    (410,41001),
    (410,41002),
    (410,41003),
    (410,41004),
    (410,41005),
    (501,50101),
    (501,50102),
    (501,50103),
    (501,50104),
    (501,50105),
    (502,50201),
    (502,50202),
    (502,50203),
    (502,50204),
    (502,50205),
    (502,50206),
    (502,50207),
    (503,50301),
    (503,50302),
    (503,50303),
    (503,50304),
    (503,50305),
    (503,50306),
    (503,50307),
    (503,50308),
    (503,50309),
    (504,50401),
    (504,50402),
    (504,50403),
    (504,50404),
    (505,50501),
    (505,50502),
    (505,50503),
    (505,50504),
    (506,50601),
    (506,50602),
    (506,50603),
    (506,50604),
    (506,50605),
    (507,50701),
    (507,50702),
    (507,50703),
    (507,50704),
    (508,50801),
    (508,50802),
    (508,50803),
    (508,50804),
    (508,50805),
    (508,50806),
    (508,50807),
    (509,50901),
    (509,50902),
    (509,50903),
    (509,50904),
    (509,50905),
    (509,50906),
    (510,51001),
    (510,51002),
    (510,51003),
    (510,51004),
    (511,51101),
    (511,51102),
    (511,51103),
    (511,51104),
    (601,60101),
    (601,60102),
    (601,60103),
    (601,60104),
    (601,60105),
    (601,60106),
    (601,60107),
    (601,60108),
    (601,60109),
    (601,60110),
    (601,60111),
    (601,60112),
    (601,60113),
    (601,60114),
    (601,60115),
    (601,60116),
    (602,60201),
    (602,60202),
    (602,60203),
    (602,60204),
    (602,60205),
    (603,60301),
    (603,60302),
    (603,60303),
    (603,60304),
    (603,60305),
    (603,60306),
    (603,60307),
    (603,60308),
    (603,60309),
    (604,60401),
    (604,60402),
    (604,60403),
    (605,60501),
    (605,60502),
    (605,60503),
    (605,60504),
    (605,60505),
    (606,60601),
    (606,60602),
    (606,60603),
    (607,60701),
    (607,60702),
    (607,60703),
    (607,60704),
    (608,60801),
    (608,60802),
    (608,60803),
    (608,60804),
    (608,60805),
    (609,60901),
    (610,61001),
    (610,61002),
    (610,61003),
    (610,61004),
    (611,61101),
    (611,61102),
    (701,70101),
    (701,70102),
    (701,70103),
    (701,70104),
    (702,70201),
    (702,70202),
    (702,70203),
    (702,70204),
    (702,70205),
    (702,70206),
    (703,70301),
    (703,70302),
    (703,70303),
    (703,70304),
    (703,70305),
    (703,70306),
    (704,70401),
    (704,70402),
    (704,70403),
    (704,70404),
    (705,70501),
    (705,70502),
    (705,70503),
    (706,70601),
    (706,70602),
    (706,70603),
    (706,70604),
    (706,70605);


 INSERT INTO Direccion (ID_Direccion,ID_Provincia,ID_Canton,ID_Distrito)
 VALUES
('1','1','101','10101'),
('2','2','201','20101'),
('3','1','101','10105'),
('4','3','301','30102'),
('5','2','201','20101'),
('6','1','102','10201'),
('7','3','301','30101'),
('8','4','401','40101'),
('9','1','103','10301'),
('10','1','101','10109'),
('11','6','602','60201'),
('12','1','102','10201'),
('13','6','603','60302'),
('14','6','605','60502'),
('15','2','203','20308'),
('16','5','503','50309'),
('17','1','103','10306'),
('18','6','605','60503'),
('19','1','113','11305'),
('20','2','202','20208'),
('21','6','601','60115'),
('22','1','102','10203'),
('23','6','603','60302'),
('24','6','605','60502'),
('25','2','203','20308'),
('26','5','503','50309'),
('27','1','103','10306'),
('28','6','605','60503'),
('29','1','101','10101'),
('30','1','102','10201'),
('31','6','601','60115'),
('32','1','102','10203'),
('33','6','603','60302'),
('34','6','605','60502'),
('35','2','203','20308'),
('36','5','503','50309'),
('37','1','103','10306'),
('38','6','605','60503'),
('39','1','101','10101'),
('40','1','102','10201');

insert into voluntario_Direccion_Detail (id_voluntario, ID_Direccion)
values
('1','1'),
('2','2'),
('3','3'),
('4','4'),
('5','5'),
('6','6'),
('7','7'),
('8','8'),
('9','9'),
('10','10');
insert into empleado_Direccion_Detail (id_empleado, ID_Direccion)
values
('1','21'),
('2','22'),
('3','23'),
('4','24'),
('5','25'),
('6','26'),
('7','27'),
('8','28'),
('9','29'),
('10','30');
insert into encargado_Direccion_Detail (id_encargado, ID_Direccion)
values
('1','31'),
('2','32'),
('3','33'),
('4','34'),
('5','35'),
('6','36'),
('7','37'),
('8','38'),
('9','39'),
('10','40');